antecedents,consequents,antecedent support,consequent support,support,confidence,lift,representativity,leverage,conviction,zhangs_metric,jaccard,certainty,kulczynski
frozenset({'P0438'}),frozenset({'P0364'}),0.9065420560747663,0.8691588785046729,0.8037383177570093,0.8865979381443299,1.0200642944241214,1.0,0.015809240981745076,1.1537807986406114,0.21046511627906903,0.8269230769230769,0.133284241531664,0.9056645604700144
frozenset({'P0364'}),frozenset({'P0438'}),0.8691588785046729,0.9065420560747663,0.8037383177570093,0.9247311827956989,1.0200642944241214,1.0,0.015809240981745076,1.2416555407209606,0.15033222591362072,0.8269230769230769,0.19462365591397812,0.9056645604700144
frozenset({'P0438'}),frozenset({'P0103'}),0.9065420560747663,0.8504672897196262,0.794392523364486,0.8762886597938144,1.0303613911861336,1.0,0.023408157917722106,1.208722741433022,0.3152941176470592,0.8252427184466019,0.17268041237113407,0.9051772969298743
frozenset({'P0103'}),frozenset({'P0438'}),0.8504672897196262,0.9065420560747663,0.794392523364486,0.9340659340659341,1.0303613911861336,1.0,0.023408157917722106,1.417445482866044,0.19705882352941204,0.8252427184466019,0.29450549450549474,0.9051772969298743
frozenset({'P0103'}),frozenset({'P0364'}),0.8504672897196262,0.8691588785046729,0.7476635514018691,0.8791208791208791,1.0114616566229468,1.0,0.008472355664250197,1.0824129141886152,0.07578125000000038,0.7692307692307692,0.07613814756671898,0.86966796644216
frozenset({'P0364'}),frozenset({'P0103'}),0.8691588785046729,0.8504672897196262,0.7476635514018691,0.8602150537634409,1.011461656622947,1.0,0.008472355664250197,1.0697340043134438,0.08660714285714331,0.7692307692307692,0.06518817204301094,0.86966796644216
frozenset({'P0438'}),frozenset({'P0333'}),0.9065420560747663,0.8411214953271028,0.794392523364486,0.8762886597938144,1.0418098510882017,1.0,0.03188051358197219,1.2842679127725858,0.4294117647058819,0.8333333333333333,0.2213462704669497,0.9103665521191294
frozenset({'P0333'}),frozenset({'P0438'}),0.8411214953271028,0.9065420560747663,0.794392523364486,0.9444444444444444,1.0418098510882017,1.0,0.03188051358197219,1.6822429906542051,0.25259515570934227,0.8333333333333333,0.40555555555555534,0.9103665521191294
frozenset({'P0333'}),frozenset({'P0364'}),0.8411214953271028,0.8691588785046729,0.7383177570093458,0.8777777777777778,1.009916367980884,1.0,0.0072495414446676065,1.070518266779949,0.06180193596425869,0.7596153846153845,0.0658730158730159,0.8636200716845879
frozenset({'P0364'}),frozenset({'P0333'}),0.8691588785046729,0.8411214953271028,0.7383177570093458,0.8494623655913979,1.0099163679808842,1.0,0.0072495414446676065,1.0554072096128173,0.07504520795659984,0.7596153846153845,0.05249841872232789,0.8636200716845879
frozenset({'P0333'}),frozenset({'P0103'}),0.8411214953271028,0.8504672897196262,0.7289719626168224,0.8666666666666667,1.0190476190476192,1.0,0.013625644161062045,1.121495327102804,0.11764705882352892,0.7572815533980584,0.10833333333333363,0.861904761904762
frozenset({'P0103'}),frozenset({'P0333'}),0.8504672897196262,0.8411214953271028,0.7289719626168224,0.8571428571428571,1.019047619047619,1.0,0.013625644161062045,1.1121495327102802,0.12499999999999947,0.7572815533980584,0.10084033613445358,0.861904761904762
frozenset({'P0438'}),frozenset({'P0261'}),0.9065420560747663,0.8411214953271028,0.7850467289719626,0.865979381443299,1.0295532646048111,1.0,0.022534719189448826,1.185478073328541,0.30714285714285666,0.8155339805825241,0.1564584596725291,0.8996563573883162
frozenset({'P0261'}),frozenset({'P0438'}),0.8411214953271028,0.9065420560747663,0.7850467289719626,0.9333333333333333,1.0295532646048111,1.0,0.022534719189448826,1.401869158878505,0.18067226890756274,0.8155339805825241,0.2866666666666669,0.8996563573883162
frozenset({'P0261'}),frozenset({'P0364'}),0.8411214953271028,0.8691588785046729,0.7383177570093458,0.8777777777777778,1.009916367980884,1.0,0.0072495414446676065,1.070518266779949,0.06180193596425869,0.7596153846153845,0.0658730158730159,0.8636200716845879
frozenset({'P0364'}),frozenset({'P0261'}),0.8691588785046729,0.8411214953271028,0.7383177570093458,0.8494623655913979,1.0099163679808842,1.0,0.0072495414446676065,1.0554072096128173,0.07504520795659984,0.7596153846153845,0.05249841872232789,0.8636200716845879
frozenset({'P0261'}),frozenset({'P0103'}),0.8411214953271028,0.8504672897196262,0.7289719626168224,0.8666666666666667,1.0190476190476192,1.0,0.013625644161062045,1.121495327102804,0.11764705882352892,0.7572815533980584,0.10833333333333363,0.861904761904762
frozenset({'P0103'}),frozenset({'P0261'}),0.8504672897196262,0.8411214953271028,0.7289719626168224,0.8571428571428571,1.019047619047619,1.0,0.013625644161062045,1.1121495327102802,0.12499999999999947,0.7572815533980584,0.10084033613445358,0.861904761904762
frozenset({'P0261'}),frozenset({'P0333'}),0.8411214953271028,0.8411214953271028,0.719626168224299,0.8555555555555555,1.0171604938271606,1.0,0.012140798322997637,1.0999281092739035,0.10618792971734144,0.7475728155339806,0.09084967320261422,0.8555555555555555
frozenset({'P0333'}),frozenset({'P0261'}),0.8411214953271028,0.8411214953271028,0.719626168224299,0.8555555555555555,1.0171604938271606,1.0,0.012140798322997637,1.0999281092739035,0.10618792971734144,0.7475728155339806,0.09084967320261422,0.8555555555555555
frozenset({'P0438'}),frozenset({'P0569'}),0.9065420560747663,0.822429906542056,0.7476635514018691,0.8247422680412371,1.0028116213683225,1.0,0.002096252947855759,1.0131940626717975,0.030000000000000727,0.761904761904762,0.013022246337493082,0.866916588566073
frozenset({'P0569'}),frozenset({'P0438'}),0.822429906542056,0.9065420560747663,0.7476635514018691,0.9090909090909091,1.0028116213683225,1.0,0.002096252947855759,1.0280373831775698,0.015789473684210912,0.761904761904762,0.027272727272727056,0.866916588566073
frozenset({'P0261'}),frozenset({'P0569'}),0.8411214953271028,0.822429906542056,0.7383177570093458,0.8777777777777778,1.0672979797979798,1.0,0.04655428421696217,1.4528462192013594,0.3968726731198808,0.7979797979797979,0.3116959064327486,0.8877525252525252
frozenset({'P0569'}),frozenset({'P0261'}),0.822429906542056,0.8411214953271028,0.7383177570093458,0.8977272727272727,1.0672979797979798,1.0,0.04655428421696217,1.553478712357217,0.3550966022651565,0.7979797979797979,0.356283422459893,0.8877525252525252
frozenset({'P0333'}),frozenset({'P0569'}),0.8411214953271028,0.822429906542056,0.7102803738317757,0.8444444444444444,1.0267676767676768,1.0,0.018516901039392075,1.1415220293724968,0.16408668730650144,0.7450980392156863,0.12397660818713459,0.854040404040404
frozenset({'P0569'}),frozenset({'P0333'}),0.822429906542056,0.8411214953271028,0.7102803738317757,0.8636363636363636,1.0267676767676768,1.0,0.018516901039392075,1.165109034267913,0.14681440443213287,0.7450980392156863,0.14171122994652421,0.854040404040404
frozenset({'P0103'}),frozenset({'P0569'}),0.8504672897196262,0.822429906542056,0.7102803738317757,0.8351648351648352,1.0154845154845156,1.0,0.010830640230587774,1.0772585669781936,0.10197368421052583,0.7378640776699028,0.07171775592828251,0.8494005994005994
frozenset({'P0569'}),frozenset({'P0103'}),0.822429906542056,0.8504672897196262,0.7102803738317757,0.8636363636363636,1.0154845154845156,1.0,0.010830640230587774,1.0965732087227416,0.08587257617728491,0.7378640776699028,0.08806818181818199,0.8494005994005994
frozenset({'P0438'}),frozenset({'P0051'}),0.9065420560747663,0.8130841121495327,0.7476635514018691,0.8247422680412371,1.0143381917288778,1.0,0.010568608612105845,1.0665200659703131,0.15124999999999977,0.7692307692307692,0.062371134020618425,0.8721412489631473
frozenset({'P0051'}),frozenset({'P0438'}),0.8130841121495327,0.9065420560747663,0.7476635514018691,0.9195402298850575,1.0143381917288778,1.0,0.010568608612105845,1.1615487316421895,0.07562499999999989,0.7692307692307692,0.1390804597701149,0.8721412489631473
frozenset({'P0333'}),frozenset({'P0051'}),0.8411214953271028,0.8130841121495327,0.719626168224299,0.8555555555555555,1.0522349936143038,1.0,0.0357236439863744,1.2940330697340041,0.3124522536287246,0.77,0.22722222222222208,0.8703065134099617
frozenset({'P0051'}),frozenset({'P0333'}),0.8130841121495327,0.8411214953271028,0.719626168224299,0.8850574712643678,1.052234993614304,1.0,0.0357236439863744,1.3822429906542062,0.26558441558441587,0.77,0.2765382014874918,0.8703065134099617
frozenset({'P0051'}),frozenset({'P0364'}),0.8130841121495327,0.8691588785046729,0.719626168224299,0.8850574712643678,1.0182919293041652,1.0,0.012926893178443533,1.1383177570093461,0.0961038961038961,0.7475728155339806,0.12151067323481149,0.8565072302558399
frozenset({'P0364'}),frozenset({'P0051'}),0.8691588785046729,0.8130841121495327,0.719626168224299,0.8279569892473118,1.018291929304165,1.0,0.012926893178443533,1.0864485981308407,0.13729128014842298,0.7475728155339806,0.079569892473118,0.8565072302558399
frozenset({'P0261'}),frozenset({'P0051'}),0.8411214953271028,0.8130841121495327,0.7102803738317757,0.8444444444444444,1.0385696040868455,1.0,0.026377849593851033,1.2016021361815756,0.2337461300309601,0.7524752475247526,0.16777777777777786,0.8590038314176245
frozenset({'P0051'}),frozenset({'P0261'}),0.8130841121495327,0.8411214953271028,0.7102803738317757,0.8735632183908045,1.0385696040868455,1.0,0.026377849593851033,1.2565845369583681,0.1986842105263161,0.7524752475247526,0.20419202163624037,0.8590038314176245
frozenset({'P0103'}),frozenset({'P0051'}),0.8504672897196262,0.8130841121495327,0.7009345794392523,0.8241758241758241,1.01364153088291,1.0,0.009433138265350638,1.0630841121495325,0.08999999999999954,0.7281553398058253,0.05934065934065922,0.8431223948465327
frozenset({'P0051'}),frozenset({'P0103'}),0.8130841121495327,0.8504672897196262,0.7009345794392523,0.8620689655172413,1.01364153088291,1.0,0.009433138265350638,1.08411214953271,0.07199999999999963,0.7281553398058253,0.07758620689655146,0.8431223948465327
frozenset({'P0051'}),frozenset({'P0569'}),0.8130841121495327,0.822429906542056,0.6915887850467289,0.8505747126436781,1.034221525600836,1.0,0.022884094680758138,1.1883537023723938,0.17702702702702697,0.7326732673267325,0.1584996975196611,0.8457419017763845
frozenset({'P0569'}),frozenset({'P0051'}),0.822429906542056,0.8130841121495327,0.6915887850467289,0.8409090909090909,1.034221525600836,1.0,0.022884094680758138,1.1748998664886519,0.18634423897581787,0.7326732673267325,0.14886363636363661,0.8457419017763845
frozenset({'P0438'}),frozenset({'P0500'}),0.9065420560747663,0.7850467289719626,0.719626168224299,0.7938144329896907,1.011168384879725,1.0,0.00794829242728623,1.0425233644859813,0.11818181818181822,0.7403846153846154,0.040788883908561085,0.8552405498281787
frozenset({'P0500'}),frozenset({'P0438'}),0.7850467289719626,0.9065420560747663,0.719626168224299,0.9166666666666666,1.011168384879725,1.0,0.00794829242728623,1.1214953271028034,0.051383399209486195,0.7403846153846154,0.10833333333333303,0.8552405498281787
frozenset({'P0261'}),frozenset({'P0500'}),0.8411214953271028,0.7850467289719626,0.6822429906542056,0.8111111111111111,1.0332010582010582,1.0,0.021923312079657586,1.137987905442551,0.20225624496373867,0.7227722772277227,0.12125603864734312,0.8400793650793651
frozenset({'P0500'}),frozenset({'P0261'}),0.7850467289719626,0.8411214953271028,0.6822429906542056,0.8690476190476191,1.0332010582010582,1.0,0.021923312079657586,1.2132540356839425,0.14949374627754597,0.7227722772277227,0.17577030812324954,0.8400793650793651
frozenset({'P0500'}),frozenset({'P0051'}),0.7850467289719626,0.8130841121495327,0.6728971962616822,0.8571428571428571,1.0541871921182266,1.0,0.03458817363961919,1.3084112149532707,0.23913043478260876,0.7272727272727272,0.23571428571428554,0.8423645320197044
frozenset({'P0051'}),frozenset({'P0500'}),0.8130841121495327,0.7850467289719626,0.6728971962616822,0.8275862068965517,1.0541871921182266,1.0,0.03458817363961919,1.246728971962617,0.2750000000000001,0.7272727272727272,0.1979010494752624,0.8423645320197044
frozenset({'P0500'}),frozenset({'P0103'}),0.7850467289719626,0.8504672897196262,0.6728971962616822,0.8571428571428571,1.0078492935635792,1.0,0.005240632369639231,1.0467289719626165,0.036231884057970745,0.6990291262135921,0.04464285714285693,0.8241758241758241
frozenset({'P0103'}),frozenset({'P0500'}),0.8504672897196262,0.7850467289719626,0.6728971962616822,0.7912087912087912,1.0078492935635792,1.0,0.005240632369639231,1.029513034923758,0.05208333333333294,0.6990291262135921,0.02866698518872426,0.8241758241758241
frozenset({'P0438'}),frozenset({'P0664'}),0.9065420560747663,0.7663551401869159,0.719626168224299,0.7938144329896907,1.035831028413377,1.0,0.024893003755786514,1.1331775700934579,0.3701298701298698,0.7549019607843136,0.11752577319587619,0.8664194116167965
frozenset({'P0664'}),frozenset({'P0438'}),0.7663551401869159,0.9065420560747663,0.719626168224299,0.9390243902439024,1.035831028413377,1.0,0.024893003755786514,1.5327102803738306,0.14805194805194793,0.7549019607843136,0.3475609756097556,0.8664194116167965
frozenset({'P0664'}),frozenset({'P0333'}),0.7663551401869159,0.8411214953271028,0.7009345794392523,0.9146341463414634,1.0873983739837398,1.0,0.05633679797362212,1.8611481975967967,0.3439999999999998,0.7731958762886597,0.46269727403156413,0.8739837398373984
frozenset({'P0333'}),frozenset({'P0664'}),0.8411214953271028,0.7663551401869159,0.7009345794392523,0.8333333333333333,1.0873983739837398,1.0,0.05633679797362212,1.4018691588785042,0.5058823529411762,0.7731958762886597,0.2866666666666664,0.8739837398373984
frozenset({'P0664'}),frozenset({'P0364'}),0.7663551401869159,0.8691588785046729,0.6822429906542056,0.8902439024390244,1.0242591135588777,1.0,0.016158616473054388,1.1921079958463139,0.10136986301369846,0.7156862745098038,0.16114982578397233,0.8375950694990821
frozenset({'P0364'}),frozenset({'P0664'}),0.8691588785046729,0.7663551401869159,0.6822429906542056,0.7849462365591398,1.0242591135588774,1.0,0.016158616473054388,1.0864485981308412,0.18101761252446152,0.7156862745098038,0.07956989247311824,0.8375950694990821
frozenset({'P0664'}),frozenset({'P0261'}),0.7663551401869159,0.8411214953271028,0.6728971962616822,0.8780487804878049,1.0439024390243903,1.0,0.028299414796052025,1.302803738317757,0.1799999999999998,0.72,0.23242467718794846,0.8390243902439024
frozenset({'P0261'}),frozenset({'P0664'}),0.8411214953271028,0.7663551401869159,0.6728971962616822,0.7999999999999999,1.0439024390243903,1.0,0.028299414796052025,1.1682242990654204,0.26470588235294085,0.72,0.14399999999999982,0.8390243902439024
frozenset({'P0664'}),frozenset({'P0051'}),0.7663551401869159,0.8130841121495327,0.6635514018691588,0.8658536585365854,1.0649004765909729,1.0,0.04044021311904966,1.393372982158029,0.26084507042253496,0.7244897959183674,0.28231707317073174,0.840972806279787
frozenset({'P0051'}),frozenset({'P0664'}),0.8130841121495327,0.7663551401869159,0.6635514018691588,0.8160919540229885,1.0649004765909729,1.0,0.04044021311904966,1.270443925233645,0.3260563380281687,0.7244897959183674,0.2128735632183909,0.840972806279787
frozenset({'P0664'}),frozenset({'P0569'}),0.7663551401869159,0.822429906542056,0.6635514018691588,0.8658536585365854,1.0527993348115299,1.0,0.03327801554720933,1.3237043330501275,0.21464788732394344,0.7171717171717171,0.24454428754813867,0.8363359201773836
frozenset({'P0569'}),frozenset({'P0664'}),0.822429906542056,0.7663551401869159,0.6635514018691588,0.8068181818181818,1.0527993348115299,1.0,0.03327801554720933,1.2094557449147882,0.28243143068939924,0.7171717171717171,0.17318181818181805,0.8363359201773836
frozenset({'P0664'}),frozenset({'P0500'}),0.7663551401869159,0.7850467289719626,0.6261682242990654,0.8170731707317073,1.0407955865272938,1.0,0.024543628264477202,1.1750778816199374,0.16776119402985043,0.6767676767676767,0.14899257688229042,0.8073461091753774
frozenset({'P0500'}),frozenset({'P0664'}),0.7850467289719626,0.7663551401869159,0.6261682242990654,0.7976190476190476,1.0407955865272938,1.0,0.024543628264477202,1.1544804837822977,0.1823491239454896,0.6767676767676767,0.13380952380952366,0.8073461091753774
frozenset({'P0438'}),frozenset({'P0499'}),0.9065420560747663,0.7570093457943925,0.719626168224299,0.7938144329896907,1.0486190658011965,1.0,0.03336535942003671,1.1785046728971962,0.49610389610389644,0.7623762376237624,0.15146708961141941,0.872215858470154
frozenset({'P0499'}),frozenset({'P0438'}),0.7570093457943925,0.9065420560747663,0.719626168224299,0.9506172839506173,1.0486190658011965,1.0,0.03336535942003671,1.8925233644859816,0.19080919080919095,0.7623762376237624,0.47160493827160505,0.872215858470154
frozenset({'P0499'}),frozenset({'P0333'}),0.7570093457943925,0.8411214953271028,0.7009345794392523,0.9259259259259259,1.1008230452674896,1.0,0.06419774652808108,2.1448598130841123,0.376923076923077,0.7812499999999999,0.533769063180828,0.8796296296296295
frozenset({'P0333'}),frozenset({'P0499'}),0.8411214953271028,0.7570093457943925,0.7009345794392523,0.8333333333333333,1.1008230452674896,1.0,0.06419774652808108,1.4579439252336444,0.5764705882352943,0.7812499999999999,0.3141025641025639,0.8796296296296295
frozenset({'P0499'}),frozenset({'P0051'}),0.7570093457943925,0.8130841121495327,0.6822429906542056,0.9012345679012346,1.1084149283383,1.0,0.06673071884007342,1.8925233644859816,0.4025289778714439,0.7684210526315789,0.47160493827160505,0.8701575138356747
frozenset({'P0051'}),frozenset({'P0499'}),0.8130841121495327,0.7570093457943925,0.6822429906542056,0.8390804597701149,1.1084149283383,1.0,0.06673071884007342,1.5100133511348464,0.5232876712328771,0.7684210526315789,0.3377541998231653,0.8701575138356747
frozenset({'P0499'}),frozenset({'P0364'}),0.7570093457943925,0.8691588785046729,0.6822429906542056,0.9012345679012346,1.0369042878003452,1.0,0.024281596645995274,1.3247663551401871,0.14646996838777654,0.7227722772277227,0.2451499118165786,0.8430904022301872
frozenset({'P0364'}),frozenset({'P0499'}),0.8691588785046729,0.7570093457943925,0.6822429906542056,0.7849462365591398,1.0369042878003452,1.0,0.024281596645995274,1.1299065420560748,0.2720156555772993,0.7227722772277227,0.1149710504549214,0.8430904022301872
frozenset({'P0261'}),frozenset({'P0499'}),0.8411214953271028,0.7570093457943925,0.6635514018691588,0.7888888888888889,1.0421124828532236,1.0,0.026814568957987617,1.1510083620265616,0.25434962717481374,0.7099999999999999,0.13119658119658117,0.832716049382716
frozenset({'P0499'}),frozenset({'P0261'}),0.7570093457943925,0.8411214953271028,0.6635514018691588,0.8765432098765432,1.0421124828532236,1.0,0.026814568957987617,1.2869158878504674,0.16630552546045516,0.7099999999999999,0.22294843863471328,0.832716049382716
frozenset({'P0499'}),frozenset({'P0103'}),0.7570093457943925,0.8504672897196262,0.6542056074766355,0.8641975308641975,1.0161443494776827,1.0,0.01039392086645119,1.1011045029736617,0.06538461538461521,0.6862745098039216,0.09182098765432077,0.8167141500474833
frozenset({'P0103'}),frozenset({'P0499'}),0.8504672897196262,0.7570093457943925,0.6542056074766355,0.7692307692307692,1.0161443494776827,1.0,0.01039392086645119,1.0529595015576323,0.1062499999999997,0.6862745098039216,0.05029585798816551,0.8167141500474833
frozenset({'P0499'}),frozenset({'P0569'}),0.7570093457943925,0.822429906542056,0.6448598130841121,0.8518518518518519,1.035774410774411,1.0,0.022272687570966898,1.1985981308411218,0.14214046822742474,0.6900000000000001,0.16569200779727108,0.8179713804713804
frozenset({'P0569'}),frozenset({'P0499'}),0.822429906542056,0.7570093457943925,0.6448598130841121,0.7840909090909091,1.0357744107744107,1.0,0.022272687570966898,1.1254303984259715,0.1945080091533181,0.6900000000000001,0.11145104895104893,0.8179713804713804
frozenset({'P0664'}),frozenset({'P0499'}),0.7663551401869159,0.7570093457943925,0.6074766355140186,0.7926829268292682,1.0471243601324902,1.0,0.027338632194951473,1.1720725673446946,0.19261538461538424,0.6632653061224488,0.1468105065666039,0.7975760313158686
frozenset({'P0499'}),frozenset({'P0664'}),0.7570093457943925,0.7663551401869159,0.6074766355140186,0.8024691358024691,1.0471243601324902,1.0,0.027338632194951473,1.1828271028037385,0.18520710059171563,0.6632653061224488,0.15456790123456804,0.7975760313158686
frozenset({'P0499'}),frozenset({'P0500'}),0.7570093457943925,0.7850467289719626,0.5981308411214953,0.7901234567901234,1.006466784244562,1.0,0.0038431304044020953,1.0241891148982956,0.026442307692307446,0.6336633663366337,0.0236178207192699,0.7760141093474426
frozenset({'P0500'}),frozenset({'P0499'}),0.7850467289719626,0.7570093457943925,0.5981308411214953,0.7619047619047619,1.006466784244562,1.0,0.0038431304044020953,1.0205607476635514,0.029891304347825807,0.6336633663366337,0.020146520146520082,0.7760141093474426
frozenset({'P0438'}),frozenset({'P0590'}),0.9065420560747663,0.7476635514018691,0.6915887850467289,0.7628865979381443,1.020360824742268,1.0,0.0138003319067167,1.064201544087769,0.21351351351351283,0.7184466019417476,0.06032836960672004,0.843943298969072
frozenset({'P0590'}),frozenset({'P0438'}),0.7476635514018691,0.9065420560747663,0.6915887850467289,0.9249999999999999,1.020360824742268,1.0,0.0138003319067167,1.2461059190031143,0.07907907907907882,0.7184466019417476,0.19749999999999937,0.843943298969072
frozenset({'P0051'}),frozenset({'P0590'}),0.8130841121495327,0.7476635514018691,0.6635514018691588,0.8160919540229885,1.0915229885057471,1.0,0.05563804699100361,1.3720794392523366,0.4485915492957749,0.7395833333333333,0.2711792252022138,0.8517959770114942
frozenset({'P0590'}),frozenset({'P0051'}),0.7476635514018691,0.8130841121495327,0.6635514018691588,0.8875,1.0915229885057471,1.0,0.05563804699100361,1.66147455867082,0.33229003651538874,0.7395833333333333,0.39812499999999984,0.8517959770114942
frozenset({'P0590'}),frozenset({'P0364'}),0.7476635514018691,0.8691588785046729,0.6635514018691588,0.8875,1.0211021505376343,1.0,0.013712988033889428,1.163032191069574,0.08189880020865939,0.6960784313725491,0.14017857142857118,0.8254704301075269
frozenset({'P0364'}),frozenset({'P0590'}),0.8691588785046729,0.7476635514018691,0.6635514018691588,0.7634408602150538,1.0211021505376345,1.0,0.013712988033889428,1.066694987255735,0.15794768611670024,0.6960784313725491,0.06252489048187979,0.8254704301075269
frozenset({'P0261'}),frozenset({'P0590'}),0.8411214953271028,0.7476635514018691,0.6542056074766355,0.7777777777777778,1.0402777777777779,1.0,0.025329723119923098,1.135514018691589,0.24369747899159624,0.7,0.11934156378600838,0.8263888888888888
frozenset({'P0590'}),frozenset({'P0261'}),0.7476635514018691,0.8411214953271028,0.6542056074766355,0.875,1.0402777777777779,1.0,0.025329723119923098,1.2710280373831777,0.1534391534391532,0.7,0.21323529411764713,0.8263888888888888
frozenset({'P0103'}),frozenset({'P0590'}),0.8504672897196262,0.7476635514018691,0.6448598130841121,0.7582417582417582,1.0141483516483516,1.0,0.008996418901214054,1.0437553101104502,0.09329710144927508,0.676470588235294,0.04192104192104191,0.810370879120879
frozenset({'P0590'}),frozenset({'P0103'}),0.7476635514018691,0.8504672897196262,0.6448598130841121,0.8624999999999999,1.0141483516483516,1.0,0.008996418901214054,1.0875106202209002,0.05528717122920005,0.676470588235294,0.08046874999999966,0.810370879120879
frozenset({'P0333'}),frozenset({'P0590'}),0.8411214953271028,0.7476635514018691,0.6355140186915887,0.7555555555555555,1.0105555555555557,1.0,0.006638134334876367,1.032285471537808,0.06574394463667778,0.6666666666666666,0.03127572016460908,0.8027777777777778
frozenset({'P0590'}),frozenset({'P0333'}),0.7476635514018691,0.8411214953271028,0.6355140186915887,0.85,1.0105555555555557,1.0,0.006638134334876367,1.0591900311526479,0.0413943355119823,0.6666666666666666,0.05588235294117644,0.8027777777777778
frozenset({'P0500'}),frozenset({'P0590'}),0.7850467289719626,0.7476635514018691,0.6074766355140186,0.7738095238095237,1.034970238095238,1.0,0.02052581011442045,1.1155927201180518,0.15719063545150486,0.6565656565656566,0.10361552028218671,0.7931547619047619
frozenset({'P0590'}),frozenset({'P0500'}),0.7476635514018691,0.7850467289719626,0.6074766355140186,0.8125,1.0349702380952381,1.0,0.02052581011442045,1.1464174454828662,0.13390313390313374,0.6565656565656566,0.12771739130434792,0.7931547619047619
frozenset({'P0499'}),frozenset({'P0590'}),0.7570093457943925,0.7476635514018691,0.5981308411214953,0.7901234567901234,1.05679012345679,1.0,0.03214254520045423,1.2023089609675646,0.22115384615384645,0.6597938144329897,0.16826703246456326,0.7950617283950616
frozenset({'P0590'}),frozenset({'P0499'}),0.7476635514018691,0.7570093457943925,0.5981308411214953,0.7999999999999999,1.05679012345679,1.0,0.03214254520045423,1.214953271028037,0.21296296296296321,0.6597938144329897,0.17692307692307674,0.7950617283950616
frozenset({'P0664'}),frozenset({'P0590'}),0.7663551401869159,0.7476635514018691,0.5981308411214953,0.7804878048780487,1.04390243902439,1.0,0.025155035374268442,1.1495327102803736,0.1799999999999996,0.6530612244897959,0.1300813008130079,0.7902439024390243
frozenset({'P0590'}),frozenset({'P0664'}),0.7476635514018691,0.7663551401869159,0.5981308411214953,0.7999999999999999,1.0439024390243903,1.0,0.025155035374268442,1.1682242990654204,0.1666666666666663,0.6530612244897959,0.14399999999999982,0.7902439024390243
frozenset({'P0438'}),frozenset({'P0348'}),0.9065420560747663,0.7383177570093458,0.6728971962616822,0.7422680412371133,1.0053503849667231,1.0,0.003581098785920167,1.015327102803738,0.05694444444444443,0.6923076923076923,0.015095729013254577,0.8268302231502023
frozenset({'P0348'}),frozenset({'P0438'}),0.7383177570093458,0.9065420560747663,0.6728971962616822,0.9113924050632911,1.0053503849667231,1.0,0.003581098785920167,1.0547396528704938,0.02033730158730158,0.6923076923076923,0.051898734177214995,0.8268302231502023
frozenset({'P0333'}),frozenset({'P0348'}),0.8411214953271028,0.7383177570093458,0.6542056074766355,0.7777777777777778,1.0534458509142055,1.0,0.033190671674382055,1.177570093457944,0.3193277310924371,0.7070707070707071,0.15079365079365092,0.8319268635724332
frozenset({'P0348'}),frozenset({'P0333'}),0.7383177570093458,0.8411214953271028,0.6542056074766355,0.8860759493670886,1.0534458509142053,1.0,0.033190671674382055,1.3946002076843194,0.19387755102040824,0.7070707070707071,0.2829486224869692,0.8319268635724332
frozenset({'P0103'}),frozenset({'P0348'}),0.8504672897196262,0.7383177570093458,0.6542056074766355,0.7692307692307692,1.041869522882181,1.0,0.02629050572102365,1.1339563862928346,0.26874999999999977,0.7,0.11813186813186796,0.8276533592989288
frozenset({'P0348'}),frozenset({'P0103'}),0.7383177570093458,0.8504672897196262,0.6542056074766355,0.8860759493670886,1.041869522882181,1.0,0.02629050572102365,1.3125649013499476,0.15357142857142844,0.7,0.2381329113924048,0.8276533592989288
frozenset({'P0569'}),frozenset({'P0348'}),0.822429906542056,0.7383177570093458,0.6448598130841121,0.7840909090909091,1.0619965477560414,1.0,0.03764520918857539,1.2120019675356615,0.32875667429443145,0.7040816326530611,0.17491883116883114,0.8287543153049481
frozenset({'P0348'}),frozenset({'P0569'}),0.7383177570093458,0.822429906542056,0.6448598130841121,0.8734177215189873,1.0619965477560414,1.0,0.03764520918857539,1.4028037383177572,0.2230848861283642,0.7040816326530611,0.28714190539640244,0.8287543153049481
frozenset({'P0261'}),frozenset({'P0348'}),0.8411214953271028,0.7383177570093458,0.6261682242990654,0.7444444444444445,1.008298171589311,1.0,0.0051532884968119586,1.0239739943112558,0.05179982440737499,0.6568627450980392,0.023412698412698597,0.7962728551336147
frozenset({'P0348'}),frozenset({'P0261'}),0.7383177570093458,0.8411214953271028,0.6261682242990654,0.8481012658227848,1.008298171589311,1.0,0.0051532884968119586,1.0459501557632398,0.031449893390191955,0.6568627450980392,0.04393149664929253,0.7962728551336147
frozenset({'P0051'}),frozenset({'P0348'}),0.8130841121495327,0.7383177570093458,0.616822429906542,0.7586206896551724,1.0274989087734614,1.0,0.0165079919643637,1.0841121495327102,0.14318181818181816,0.6599999999999999,0.07758620689655168,0.797031863814928
frozenset({'P0348'}),frozenset({'P0051'}),0.7383177570093458,0.8130841121495327,0.616822429906542,0.8354430379746836,1.0274989087734614,1.0,0.0165079919643637,1.1358734723220707,0.10227272727272727,0.6599999999999999,0.11962025316455711,0.797031863814928
frozenset({'P0500'}),frozenset({'P0348'}),0.7850467289719626,0.7383177570093458,0.5981308411214953,0.7619047619047619,1.031946955997589,1.0,0.018516901039392075,1.0990654205607475,0.1440217391304347,0.6464646464646463,0.09013605442176864,0.7860156720916214
frozenset({'P0348'}),frozenset({'P0500'}),0.7383177570093458,0.7850467289719626,0.5981308411214953,0.810126582278481,1.031946955997589,1.0,0.018516901039392075,1.1320872274143303,0.11830357142857136,0.6464646464646463,0.11667583929554214,0.7860156720916214
frozenset({'P0664'}),frozenset({'P0348'}),0.7663551401869159,0.7383177570093458,0.5794392523364486,0.7560975609756098,1.0240815066378512,1.0,0.013625644161062045,1.0728971962616825,0.10064516129032215,0.6262626262626263,0.06794425087108026,0.7704538437789441
frozenset({'P0348'}),frozenset({'P0664'}),0.7383177570093458,0.7663551401869159,0.5794392523364486,0.7848101265822784,1.0240815066378512,1.0,0.013625644161062045,1.085761407366685,0.08986175115207336,0.6262626262626263,0.07898734177215185,0.7704538437789441
frozenset({'P0499'}),frozenset({'P0348'}),0.7570093457943925,0.7383177570093458,0.5700934579439252,0.7530864197530864,1.0200031254883577,1.0,0.011180015721897085,1.0598130841121498,0.08070617906683464,0.6161616161616161,0.05643738977072326,0.7626191592436318
frozenset({'P0348'}),frozenset({'P0499'}),0.7383177570093458,0.7570093457943925,0.5700934579439252,0.7721518987341772,1.0200031254883577,1.0,0.011180015721897085,1.066458982346833,0.07494145199063215,0.6161616161616161,0.062317429406037135,0.7626191592436318
frozenset({'P0296'}),frozenset({'P0103'}),0.7009345794392523,0.8504672897196262,0.6635514018691588,0.9466666666666667,1.1131135531135532,1.0,0.06742946982269193,2.803738317757009,0.33978873239436613,0.7473684210526316,0.6433333333333333,0.8634432234432234
frozenset({'P0103'}),frozenset({'P0296'}),0.8504672897196262,0.7009345794392523,0.6635514018691588,0.7802197802197802,1.1131135531135532,1.0,0.06742946982269193,1.360747663551402,0.6795774647887323,0.7473684210526316,0.2651098901098902,0.8634432234432234
frozenset({'P0438'}),frozenset({'P0296'}),0.9065420560747663,0.7009345794392523,0.6448598130841121,0.7113402061855669,1.0148453608247423,1.0,0.009433138265350638,1.036048064085447,0.156521739130434,0.6699029126213591,0.03479381443298951,0.8156701030927835
frozenset({'P0296'}),frozenset({'P0438'}),0.7009345794392523,0.9065420560747663,0.6448598130841121,0.92,1.0148453608247423,1.0,0.009433138265350638,1.1682242990654212,0.04891304347826062,0.6699029126213591,0.14400000000000052,0.8156701030927835
frozenset({'P0296'}),frozenset({'P0364'}),0.7009345794392523,0.8691588785046729,0.6355140186915887,0.9066666666666666,1.0431541218637992,1.0,0.02629050572102365,1.4018691588785042,0.1383272058823528,0.6799999999999999,0.2866666666666664,0.8189247311827956
frozenset({'P0364'}),frozenset({'P0296'}),0.8691588785046729,0.7009345794392523,0.6355140186915887,0.7311827956989247,1.0431541218637994,1.0,0.02629050572102365,1.1125233644859815,0.316176470588235,0.6799999999999999,0.10114247311827973,0.8189247311827956
frozenset({'P0333'}),frozenset({'P0296'}),0.8411214953271028,0.7009345794392523,0.616822429906542,0.7333333333333333,1.0462222222222222,1.0,0.0272512883221242,1.1214953271028036,0.27807486631016043,0.6666666666666667,0.10833333333333325,0.8066666666666666
frozenset({'P0296'}),frozenset({'P0333'}),0.7009345794392523,0.8411214953271028,0.616822429906542,0.88,1.0462222222222222,1.0,0.0272512883221242,1.3239875389408102,0.1477272727272727,0.6666666666666667,0.2447058823529413,0.8066666666666666
frozenset({'P0261'}),frozenset({'P0296'}),0.8411214953271028,0.7009345794392523,0.6074766355140186,0.7222222222222222,1.0303703703703704,1.0,0.017905493929600835,1.0766355140186916,0.1855203619909502,0.65,0.07118055555555562,0.7944444444444445
frozenset({'P0296'}),frozenset({'P0261'}),0.7009345794392523,0.8411214953271028,0.6074766355140186,0.8666666666666667,1.0303703703703704,1.0,0.017905493929600835,1.1915887850467293,0.09855769230769229,0.65,0.16078431372549049,0.7944444444444445
frozenset({'P0296'}),frozenset({'P0569'}),0.7009345794392523,0.822429906542056,0.5887850467289719,0.84,1.0213636363636363,1.0,0.012315486068652293,1.1098130841121494,0.06994047619047623,0.6299999999999999,0.09894736842105256,0.7779545454545453
frozenset({'P0569'}),frozenset({'P0296'}),0.822429906542056,0.7009345794392523,0.5887850467289719,0.7159090909090908,1.0213636363636363,1.0,0.012315486068652293,1.0527102803738315,0.11779448621553892,0.6299999999999999,0.05007102272727256,0.7779545454545453
frozenset({'P0296'}),frozenset({'P0051'}),0.7009345794392523,0.8130841121495327,0.5794392523364486,0.8266666666666667,1.0167049808429118,1.0,0.009520482138178021,1.0783608914450036,0.05493951612903234,0.62,0.07266666666666674,0.769655172413793
frozenset({'P0051'}),frozenset({'P0296'}),0.8130841121495327,0.7009345794392523,0.5794392523364486,0.7126436781609194,1.0167049808429118,1.0,0.009520482138178021,1.0407476635514017,0.08790322580645174,0.62,0.03915229885057451,0.769655172413793
frozenset({'P0296'}),frozenset({'P0348'}),0.7009345794392523,0.7383177570093458,0.5700934579439252,0.8133333333333334,1.1016033755274262,1.0,0.0525810114420473,1.401869158878505,0.30840163934426207,0.6559139784946236,0.2866666666666668,0.7927426160337553
frozenset({'P0348'}),frozenset({'P0296'}),0.7383177570093458,0.7009345794392523,0.5700934579439252,0.7721518987341772,1.1016033755274262,1.0,0.0525810114420473,1.3125649013499483,0.3524590163934423,0.6559139784946236,0.23813291139240517,0.7927426160337553
frozenset({'P0664'}),frozenset({'P0296'}),0.7663551401869159,0.7009345794392523,0.5607476635514018,0.7317073170731707,1.0439024390243903,1.0,0.02358284566337676,1.1146983857264232,0.18000000000000035,0.6185567010309279,0.10289634146341468,0.7658536585365854
frozenset({'P0296'}),frozenset({'P0664'}),0.7009345794392523,0.7663551401869159,0.5607476635514018,0.7999999999999999,1.0439024390243903,1.0,0.02358284566337676,1.1682242990654204,0.14062500000000028,0.6185567010309279,0.14399999999999982,0.7658536585365854
frozenset({'P0500'}),frozenset({'P0296'}),0.7850467289719626,0.7009345794392523,0.5607476635514018,0.7142857142857142,1.019047619047619,1.0,0.010481264739278573,1.0467289719626165,0.08695652173913071,0.606060606060606,0.04464285714285693,0.7571428571428571
frozenset({'P0296'}),frozenset({'P0500'}),0.7009345794392523,0.7850467289719626,0.5607476635514018,0.7999999999999999,1.019047619047619,1.0,0.010481264739278573,1.0747663551401867,0.0625000000000002,0.606060606060606,0.06956521739130414,0.7571428571428571
frozenset({'P0296'}),frozenset({'P0590'}),0.7009345794392523,0.7476635514018691,0.5514018691588785,0.7866666666666666,1.0521666666666667,1.0,0.027338632194951473,1.1828271028037383,0.16578389830508442,0.6145833333333333,0.15456790123456782,0.7620833333333332
frozenset({'P0590'}),frozenset({'P0296'}),0.7476635514018691,0.7009345794392523,0.5514018691588785,0.7374999999999999,1.0521666666666667,1.0,0.027338632194951473,1.1392968402314194,0.1964846202134334,0.6145833333333333,0.12226562499999988,0.7620833333333332
frozenset({'P0499'}),frozenset({'P0296'}),0.7570093457943925,0.7009345794392523,0.5514018691588785,0.7283950617283951,1.0391769547325103,1.0,0.02078784173290238,1.1011045029736621,0.15514993481095132,0.6082474226804123,0.09182098765432115,0.7575308641975309
frozenset({'P0296'}),frozenset({'P0499'}),0.7009345794392523,0.7570093457943925,0.5514018691588785,0.7866666666666666,1.0391769547325103,1.0,0.02078784173290238,1.139018691588785,0.12605932203389794,0.6082474226804123,0.12205128205128198,0.7575308641975309
frozenset({'P0499'}),frozenset({'P0413'}),0.7570093457943925,0.3644859813084112,0.34579439252336447,0.4567901234567901,1.253244697689142,1.0,0.06987509826185695,1.169923534409516,0.8316008316008318,0.4457831325301205,0.14524328249818444,0.7027540360873694
frozenset({'P0413'}),frozenset({'P0499'}),0.3644859813084112,0.7570093457943925,0.34579439252336447,0.9487179487179487,1.253244697689142,1.0,0.06987509826185695,4.738317757009343,0.31796502384737685,0.4457831325301205,0.7889546351084811,0.7027540360873694
frozenset({'P0413'}),frozenset({'P0569'}),0.3644859813084112,0.822429906542056,0.34579439252336447,0.9487179487179487,1.1535547785547786,1.0,0.04603022097999826,3.4626168224299043,0.20945945945945948,0.41111111111111104,0.7112010796221321,0.684586247086247
frozenset({'P0569'}),frozenset({'P0413'}),0.822429906542056,0.3644859813084112,0.34579439252336447,0.42045454545454547,1.1535547785547786,1.0,0.04603022097999826,1.0965732087227416,0.7496443812233287,0.41111111111111104,0.08806818181818185,0.684586247086247
frozenset({'P0438'}),frozenset({'P0413'}),0.9065420560747663,0.3644859813084112,0.34579439252336447,0.38144329896907214,1.0465239228125827,1.0,0.015372521617608548,1.0274143302180687,0.47567567567567637,0.3737373737373737,0.026682838083687068,0.6650806238435104
frozenset({'P0413'}),frozenset({'P0438'}),0.3644859813084112,0.9065420560747663,0.34579439252336447,0.9487179487179487,1.0465239228125827,1.0,0.015372521617608548,1.8224299065420548,0.069952305246423,0.3737373737373737,0.4512820512820509,0.6650806238435104
frozenset({'P0413'}),frozenset({'P0051'}),0.3644859813084112,0.8130841121495327,0.3364485981308411,0.923076923076923,1.1352785145888593,1.0,0.040090837627740405,2.4299065420560733,0.18749999999999994,0.4,0.5884615384615381,0.6684350132625995
frozenset({'P0051'}),frozenset({'P0413'}),0.8130841121495327,0.3644859813084112,0.3364485981308411,0.41379310344827586,1.1352785145888595,1.0,0.040090837627740405,1.0841121495327102,0.6374999999999998,0.4,0.07758620689655173,0.6684350132625995
frozenset({'P0261'}),frozenset({'P0413'}),0.8411214953271028,0.3644859813084112,0.3364485981308411,0.39999999999999997,1.0974358974358973,1.0,0.029871604506943816,1.0591900311526479,0.5588235294117643,0.3870967741935484,0.05588235294117644,0.6615384615384615
frozenset({'P0413'}),frozenset({'P0261'}),0.3644859813084112,0.8411214953271028,0.3364485981308411,0.923076923076923,1.0974358974358973,1.0,0.029871604506943816,2.065420560747662,0.13970588235294107,0.3870967741935484,0.5158371040723979,0.6615384615384615
frozenset({'P0413'}),frozenset({'P0333'}),0.3644859813084112,0.8411214953271028,0.3364485981308411,0.923076923076923,1.0974358974358973,1.0,0.029871604506943816,2.065420560747662,0.13970588235294107,0.3870967741935484,0.5158371040723979,0.6615384615384615
frozenset({'P0333'}),frozenset({'P0413'}),0.8411214953271028,0.3644859813084112,0.3364485981308411,0.39999999999999997,1.0974358974358973,1.0,0.029871604506943816,1.0591900311526479,0.5588235294117643,0.3870967741935484,0.05588235294117644,0.6615384615384615
frozenset({'P0413'}),frozenset({'P0364'}),0.3644859813084112,0.8691588785046729,0.32710280373831774,0.8974358974358975,1.0325337744692584,1.0,0.010306576993623917,1.27570093457944,0.049579831932773204,0.36082474226804123,0.21611721611721643,0.6368899917287014
frozenset({'P0364'}),frozenset({'P0413'}),0.8691588785046729,0.3644859813084112,0.32710280373831774,0.3763440860215054,1.0325337744692584,1.0,0.010306576993623917,1.0190138575572028,0.24081632653061272,0.36082474226804123,0.018659076533839362,0.6368899917287014
frozenset({'P0664'}),frozenset({'P0413'}),0.7663551401869159,0.3644859813084112,0.3177570093457944,0.4146341463414634,1.1375859912445279,1.0,0.038431304044021286,1.0856697819314642,0.517647058823529,0.3908045977011494,0.078909612625538,0.6432145090681676
frozenset({'P0413'}),frozenset({'P0664'}),0.3644859813084112,0.7663551401869159,0.3177570093457944,0.8717948717948718,1.1375859912445279,1.0,0.038431304044021286,1.8224299065420564,0.19031141868512097,0.3908045977011494,0.4512820512820514,0.6432145090681676
frozenset({'P0413'}),frozenset({'P0103'}),0.3644859813084112,0.8504672897196262,0.3177570093457944,0.8717948717948718,1.0250774866159482,1.0,0.007773604681631574,1.166355140186916,0.038494809688581266,0.3541666666666667,0.1426282051282053,0.6227106227106227
frozenset({'P0103'}),frozenset({'P0413'}),0.8504672897196262,0.3644859813084112,0.3177570093457944,0.37362637362637363,1.0250774866159482,1.0,0.007773604681631574,1.014592556156747,0.16360294117647037,0.3541666666666667,0.01438267614738206,0.6227106227106227
frozenset({'P0413'}),frozenset({'P0590'}),0.3644859813084112,0.7476635514018691,0.308411214953271,0.8461538461538461,1.1317307692307692,1.0,0.035898331732029,1.6401869158878506,0.18315508021390375,0.38372093023255804,0.39031339031339035,0.6293269230769231
frozenset({'P0590'}),frozenset({'P0413'}),0.7476635514018691,0.3644859813084112,0.308411214953271,0.4125,1.1317307692307692,1.0,0.035898331732029,1.0817259892622788,0.46127946127946123,0.38372093023255804,0.07555147058823528,0.6293269230769231
frozenset({'P0500'}),frozenset({'P0413'}),0.7850467289719626,0.3644859813084112,0.308411214953271,0.39285714285714285,1.0778388278388278,1.0,0.022272687570966898,1.046728971962617,0.3359683794466403,0.3666666666666666,0.04464285714285715,0.6195054945054945
frozenset({'P0413'}),frozenset({'P0500'}),0.3644859813084112,0.7850467289719626,0.308411214953271,0.8461538461538461,1.0778388278388278,1.0,0.022272687570966898,1.397196261682243,0.11363636363636365,0.3666666666666666,0.28428093645484953,0.6195054945054945
frozenset({'P0413'}),frozenset({'P0348'}),0.3644859813084112,0.7383177570093458,0.2897196261682243,0.7948717948717948,1.0765985069782538,1.0,0.02061315398724778,1.275700934579439,0.11195445920303597,0.3563218390804597,0.21611721611721602,0.593638429081467
frozenset({'P0348'}),frozenset({'P0413'}),0.7383177570093458,0.3644859813084112,0.2897196261682243,0.3924050632911392,1.0765985069782538,1.0,0.02061315398724778,1.04595015576324,0.27188940092165875,0.3563218390804597,0.04393149664929262,0.593638429081467
frozenset({'P0413'}),frozenset({'P0296'}),0.3644859813084112,0.7009345794392523,0.27102803738317754,0.7435897435897435,1.0608547008547007,1.0,0.015547209363263148,1.1663551401869157,0.09026369168356987,0.34117647058823525,0.14262820512820493,0.565128205128205
frozenset({'P0296'}),frozenset({'P0413'}),0.7009345794392523,0.3644859813084112,0.27102803738317754,0.38666666666666666,1.060854700854701,1.0,0.015547209363263148,1.0361641609101993,0.191810344827586,0.34117647058823525,0.034901960784313735,0.565128205128205
frozenset({'P0261'}),frozenset({'P0282'}),0.8411214953271028,0.3364485981308411,0.3364485981308411,0.39999999999999997,1.1888888888888889,1.0,0.05345445017032058,1.1059190031152646,1.0000000000000004,0.4,0.09577464788732393,0.7
frozenset({'P0282'}),frozenset({'P0261'}),0.3364485981308411,0.8411214953271028,0.3364485981308411,1.0,1.1888888888888889,1.0,0.05345445017032058,inf,0.23943661971831,0.4,1.0,0.7
frozenset({'P0438'}),frozenset({'P0282'}),0.9065420560747663,0.3364485981308411,0.3364485981308411,0.37113402061855666,1.1030927835051545,1.0,0.03144379421783561,1.0551555078903019,0.9999999999999996,0.37113402061855666,0.05227239727021922,0.6855670103092784
frozenset({'P0282'}),frozenset({'P0438'}),0.3364485981308411,0.9065420560747663,0.3364485981308411,1.0,1.1030927835051547,1.0,0.03144379421783561,inf,0.1408450704225352,0.37113402061855666,1.0,0.6855670103092784
frozenset({'P0282'}),frozenset({'P0569'}),0.3364485981308411,0.822429906542056,0.308411214953271,0.9166666666666666,1.1145833333333333,1.0,0.03170582583631759,2.1308411214953265,0.1549295774647888,0.3626373626373626,0.5307017543859648,0.6458333333333333
frozenset({'P0569'}),frozenset({'P0282'}),0.822429906542056,0.3364485981308411,0.308411214953271,0.375,1.1145833333333335,1.0,0.03170582583631759,1.061682242990654,0.5789473684210528,0.3626373626373626,0.05809859154929581,0.6458333333333333
frozenset({'P0282'}),frozenset({'P0333'}),0.3364485981308411,0.8411214953271028,0.308411214953271,0.9166666666666666,1.0898148148148148,1.0,0.02541706699275048,1.9065420560747657,0.1241997439180539,0.3548387096774193,0.4754901960784312,0.6416666666666666
frozenset({'P0333'}),frozenset({'P0282'}),0.8411214953271028,0.3364485981308411,0.308411214953271,0.36666666666666664,1.0898148148148148,1.0,0.02541706699275048,1.0477127397934087,0.5187165775401074,0.3548387096774193,0.04553990610328638,0.6416666666666666
frozenset({'P0282'}),frozenset({'P0051'}),0.3364485981308411,0.8130841121495327,0.29906542056074764,0.8888888888888888,1.0932311621966795,1.0,0.025504410865577753,1.6822429906542051,0.12852112676056326,0.3516483516483516,0.40555555555555534,0.6283524904214559
frozenset({'P0051'}),frozenset({'P0282'}),0.8130841121495327,0.3364485981308411,0.29906542056074764,0.367816091954023,1.0932311621966795,1.0,0.025504410865577753,1.0496176720475785,0.45624999999999954,0.3516483516483516,0.04727213857859805,0.6283524904214559
frozenset({'P0282'}),frozenset({'P0590'}),0.3364485981308411,0.7476635514018691,0.2897196261682243,0.861111111111111,1.151736111111111,1.0,0.03816927242553936,1.8168224299065414,0.19854611540209005,0.36470588235294116,0.44958847736625496,0.6243055555555554
frozenset({'P0590'}),frozenset({'P0282'}),0.7476635514018691,0.3364485981308411,0.2897196261682243,0.38749999999999996,1.151736111111111,1.0,0.03816927242553936,1.0833492275414838,0.5221027479091996,0.36470588235294116,0.07693661971830983,0.6243055555555554
frozenset({'P0499'}),frozenset({'P0282'}),0.7570093457943925,0.3364485981308411,0.2897196261682243,0.38271604938271603,1.137517146776406,1.0,0.035024893003755775,1.0749532710280372,0.49751861042183604,0.3604651162790697,0.06972700399930447,0.6219135802469136
frozenset({'P0282'}),frozenset({'P0499'}),0.3364485981308411,0.7570093457943925,0.2897196261682243,0.861111111111111,1.137517146776406,1.0,0.035024893003755775,1.7495327102803733,0.18218991367560197,0.3604651162790697,0.42841880341880323,0.6219135802469136
frozenset({'P0664'}),frozenset({'P0282'}),0.7663551401869159,0.3364485981308411,0.2897196261682243,0.3780487804878049,1.1236449864498645,1.0,0.03188051358197225,1.0668865677111965,0.4709677419354842,0.3563218390804597,0.0626932325661285,0.619579945799458
frozenset({'P0282'}),frozenset({'P0664'}),0.3364485981308411,0.7663551401869159,0.2897196261682243,0.861111111111111,1.1236449864498645,1.0,0.03188051358197225,1.6822429906542051,0.1658337119491142,0.3563218390804597,0.40555555555555534,0.619579945799458
frozenset({'P0282'}),frozenset({'P0348'}),0.3364485981308411,0.7383177570093458,0.2616822429906542,0.7777777777777778,1.0534458509142055,1.0,0.013276268669752816,1.177570093457944,0.07645875251509056,0.3218390804597701,0.15079365079365092,0.5661040787623066
frozenset({'P0348'}),frozenset({'P0282'}),0.7383177570093458,0.3364485981308411,0.2616822429906542,0.35443037974683544,1.0534458509142055,1.0,0.013276268669752816,1.0278541323071284,0.19387755102040818,0.3218390804597701,0.02709930468889288,0.5661040787623066
frozenset({'P0282'}),frozenset({'P0296'}),0.3364485981308411,0.7009345794392523,0.24299065420560748,0.7222222222222222,1.0303703703703704,1.0,0.007162197571840362,1.0766355140186916,0.04442036836403051,0.3058823529411765,0.07118055555555562,0.5344444444444445
frozenset({'P0296'}),frozenset({'P0282'}),0.7009345794392523,0.3364485981308411,0.24299065420560748,0.3466666666666667,1.0303703703703704,1.0,0.007162197571840362,1.015639900820141,0.09855769230769265,0.3058823529411765,0.015399061032863896,0.5344444444444445
frozenset({'P0282'}),frozenset({'P0413'}),0.3364485981308411,0.3644859813084112,0.17757009345794392,0.5277777777777778,1.4480056980056981,1.0,0.054939296008385013,1.3457943925233646,0.4662713120830245,0.3392857142857143,0.2569444444444445,0.5074786324786325
frozenset({'P0413'}),frozenset({'P0282'}),0.3644859813084112,0.3364485981308411,0.17757009345794392,0.48717948717948717,1.4480056980056981,1.0,0.054939296008385013,1.29392523364486,0.48684210526315785,0.3392857142857143,0.22715781870711452,0.5074786324786325
